# GERADO por tools/i18n_effect_catalog.py. chave	indice	id	opcao(-1=rotulo)	recurso
aurea.transform	0	anchor	-1	fx_pivo
aurea.transform	1	position	-1	fx_posicao
aurea.transform	2	scale	-1	fx_escala
aurea.transform	3	rotation	-1	fx_rotacao
aurea.transform	4	opacity	-1	fxl_opacity
aurea.color.exposure	0	exposure	-1	fxl_exposure
aurea.color.exposure	1	offset	-1	fx_compensacao
aurea.color.exposure	2	gamma	-1	fx_tons_medios
aurea.color.exposure	3	space	-1	fx_aplicar_em
aurea.color.exposure	3	space	0	fxo_linear_light
aurea.color.exposure	3	space	1	fxo_encoded_value
aurea.color.brightness_contrast	0	brightness	-1	fx_brilho
aurea.color.brightness_contrast	1	contrast	-1	fx_contraste
aurea.color.saturation	0	saturation	-1	fx_saturacao
aurea.color.tint	0	map_black	-1	fx_cor_sombras
aurea.color.tint	1	map_white	-1	fx_cor_luzes
aurea.color.tint	2	amount	-1	fxl_amount
aurea.color.matrix	0	rr	-1	fx_matrix_rr
aurea.color.matrix	1	rg	-1	fx_matrix_rg
aurea.color.matrix	2	rb	-1	fx_matrix_rb
aurea.color.matrix	3	ro	-1	fx_matrix_ro
aurea.color.matrix	4	gr	-1	fx_matrix_gr
aurea.color.matrix	5	gg	-1	fx_matrix_gg
aurea.color.matrix	6	gb	-1	fx_matrix_gb
aurea.color.matrix	7	go	-1	fx_matrix_go
aurea.color.matrix	8	br	-1	fx_matrix_br
aurea.color.matrix	9	bg	-1	fx_matrix_bg
aurea.color.matrix	10	bb	-1	fx_matrix_bb
aurea.color.matrix	11	bo	-1	fx_matrix_bo
aurea.color.levels	0	input_black	-1	fx_ponto_preto
aurea.color.levels	1	input_white	-1	fx_ponto_branco
aurea.color.levels	2	gamma	-1	fx_tons_medios
aurea.color.levels	3	output_black	-1	fxl_output_black
aurea.color.levels	4	output_white	-1	fxl_output_white
aurea.color.curves	0	curve	-1	fxl_curve
aurea.color.fill	0	color	-1	fx_cor
aurea.color.fill	1	opacity	-1	fx_opacidade
aurea.color.balance_hls	0	hue	-1	fx_matiz
aurea.color.balance_hls	1	lightness	-1	fx_luminosidade
aurea.color.balance_hls	2	saturation	-1	fx_saturacao
aurea.blur.gaussian	0	blurriness	-1	fx_intensidade
aurea.blur.gaussian	1	dimensions	-1	fx_direcao
aurea.blur.gaussian	1	dimensions	0	fxo_horizontal_and_vertical
aurea.blur.gaussian	1	dimensions	1	fxo_horizontal
aurea.blur.gaussian	1	dimensions	2	fxo_vertical
aurea.blur.gaussian	2	repeat_edges	-1	fx_esticar_bordas
aurea.blur.sharpen	0	amount	-1	fxl_amount
aurea.blur.zoom	0	center	-1	fx_centro
aurea.blur.zoom	1	amount	-1	fx_intensidade
aurea.blur.zoom	2	repeat_edge	-1	fx_esticar_bordas
aurea.blur.zoom	3	mix	-1	fx_mistura
aurea.light.glow	0	threshold	-1	fx_limite
aurea.light.glow	1	radius	-1	fxl_radius
aurea.light.glow	2	intensity	-1	fxl_amount
aurea.light.glow	3	color	-1	fxl_color
aurea.stylize.motion_tile	0	tile_center	-1	fx_centro
aurea.stylize.motion_tile	1	tile_width	-1	fx_mt_largura_ladrilho
aurea.stylize.motion_tile	2	tile_height	-1	fx_mt_altura_ladrilho
aurea.stylize.motion_tile	3	output_width	-1	fx_mt_largura_saida
aurea.stylize.motion_tile	4	output_height	-1	fx_mt_altura_saida
aurea.stylize.motion_tile	5	mirror_edges	-1	fx_mt_espelhar_bordas
aurea.stylize.motion_tile	7	phase	-1	fx_fase
aurea.stylize.motion_tile	8	horizontal_phase_shift	-1	fx_mt_fase_horizontal
aurea.key.luma	0	key_type	-1	fx_remover
aurea.key.luma	0	key_type	0	fxo_key_out_darks
aurea.key.luma	0	key_type	1	fxo_key_out_brights
aurea.key.luma	1	threshold	-1	fx_limite
aurea.key.luma	2	softness	-1	fxl_softness
aurea.key.chroma	0	key_color	-1	fx_cor_remover
aurea.key.chroma	1	tolerance	-1	fxl_tolerance
aurea.key.chroma	2	softness	-1	fxl_softness
aurea.key.chroma	3	spill	-1	fx_limpar_contorno
aurea.key.chroma	4	clip_black	-1	fxl_clean_background
aurea.key.chroma	5	clip_white	-1	fxl_fill_foreground
aurea.key.chroma	6	matte_gamma	-1	fxl_hair_and_edge_detail
aurea.key.chroma	7	view	-1	fxl_view
aurea.key.chroma	7	view	0	fxo_composite
aurea.key.chroma	7	view	1	fxo_matte
aurea.key.chroma	7	view	2	fxo_spill_suppression
aurea.key.chroma	8	spill_balance	-1	fxl_protect_foreground_colors
aurea.key.chroma	9	pre_blur	-1	fx_pre_desfoque
aurea.control.slider	0	slider	-1	fxl_value
aurea.control.angle	0	angle	-1	fxl_angle
aurea.control.checkbox	0	checkbox	-1	fxl_on
aurea.control.color	0	color	-1	fxl_color
aurea.control.point	0	point	-1	fxo_dot
aurea.time.echo	0	copies	-1	fxl_copies
aurea.time.echo	1	delay	-1	fx_intervalo
aurea.time.echo	2	decay	-1	fx_desvanecer
aurea.time.echo	3	rgb	-1	fx_separar_cores
aurea.distort.shake	0	amplitude_x	-1	fx_amplitude_x
aurea.distort.shake	1	amplitude_y	-1	fx_amplitude_y
aurea.distort.shake	2	frequency	-1	fx_frequencia
aurea.distort.shake	3	seed	-1	fxl_seed
aurea.distort.shake	4	separate_axes	-1	fx_eixos_separados
aurea.distort.shake	5	rotation	-1	fx_rotacao
aurea.distort.shake	6	smoothing	-1	fx_suavizacao
aurea.distort.shake	7	mix	-1	fx_mistura
aurea.distort.shake	8	amount	-1	fxl_amount
aurea.distort.shake	9	zoom	-1	fxl_zoom
aurea.distort.shake	10	style	-1	fxl_style
aurea.distort.shake	10	style	0	fxo_normal
aurea.distort.shake	10	style	1	fxo_twitchy
aurea.distort.shake	10	style	2	fxo_jumpy
aurea.distort.shake	11	motion_blur	-1	fxl_motion_blur
aurea.distort.shake	12	phase	-1	fxl_phase
aurea.distort.shake	13	edges	-1	fxl_edges
aurea.distort.shake	13	edges	0	fxo_reflect
aurea.distort.shake	13	edges	1	fxo_clamp
aurea.distort.shake	13	edges	2	fxo_tile
aurea.distort.shake	13	edges	3	fxo_transparent
aurea.distort.shake	14	wave	-1	fxl_wave
aurea.distort.shake	15	direction	-1	fx_direcao
aurea.distort.shake	16	decay	-1	fx_decaimento
aurea.distort.turbulence	0	amount	-1	fx_intensidade
aurea.distort.turbulence	1	size	-1	fx_tamanho_ruido
aurea.distort.turbulence	2	complexity	-1	fx_complexidade
aurea.distort.turbulence	3	evolution	-1	fx_evolucao
aurea.distort.turbulence	4	offset_x	-1	fx_deslocamento_x
aurea.distort.turbulence	5	offset_y	-1	fx_deslocamento_y
aurea.distort.turbulence	6	seed	-1	fxl_seed
aurea.distort.turbulence	7	horizontal_only	-1	fxl_horizontal_only
aurea.distort.turbulence	8	edges	-1	fx_bordas
aurea.distort.turbulence	8	edges	0	fxo_repeat
aurea.distort.turbulence	8	edges	1	fxo_clip
aurea.distort.turbulence	8	edges	2	fxo_stretch
aurea.distort.turbulence	9	spin	-1	fx_girar_deslocamento
aurea.distort.turbulence	10	mix	-1	fx_girar_deslocamento
aurea.distort.turbulence	11	pinning	-1	fxl_pin_edges
aurea.distort.turbulence	11	pinning	0	fxo_none
aurea.distort.turbulence	11	pinning	1	fxo_all
aurea.distort.turbulence	11	pinning	2	fx_esquerda
aurea.distort.turbulence	11	pinning	3	fx_direita
aurea.distort.turbulence	11	pinning	4	fxo_top
aurea.distort.turbulence	11	pinning	5	fxo_bottom
aurea.distort.wave_warp	0	height	-1	fx_altura_onda
aurea.distort.wave_warp	1	wavelength	-1	fx_largura_onda
aurea.distort.wave_warp	2	speed	-1	fx_velocidade
aurea.distort.wave_warp	3	phase	-1	fx_fase
aurea.distort.wave_warp	4	direction	-1	fx_direcao
aurea.distort.wave_warp	4	direction	0	fxo_horizontal
aurea.distort.wave_warp	4	direction	1	fxo_vertical
aurea.distort.wave_warp	4	direction	2	fxo_diagonal
aurea.distort.wave_warp	4	direction	3	fxo_both
aurea.distort.wave_warp	5	square	-1	fx_onda_quadrada
aurea.distort.wave_warp	6	edges	-1	fx_bordas
aurea.distort.wave_warp	6	edges	0	fxo_repeat
aurea.distort.wave_warp	6	edges	1	fxo_clip
aurea.distort.wave_warp	6	edges	2	fxo_stretch
aurea.distort.wave_warp	7	pin_edges	-1	fx_travar_nas_bordas
aurea.distort.wave_warp	8	mix	-1	fxl_mix
aurea.distort.warp	0	mode	-1	fx_modo
aurea.distort.warp	0	mode	0	fxo_push
aurea.distort.warp	0	mode	1	fxo_pull
aurea.distort.warp	0	mode	2	fxo_twist
aurea.distort.warp	0	mode	3	fxo_sphere
aurea.distort.warp	0	mode	4	fxo_corner
aurea.distort.warp	1	amount	-1	fx_intensidade
aurea.distort.warp	2	radius	-1	fx_raio
aurea.distort.warp	3	center	-1	fx_centro
aurea.distort.warp	4	edges	-1	fx_bordas
aurea.distort.warp	4	edges	0	fxo_repeat
aurea.distort.warp	4	edges	1	fxo_clip
aurea.distort.warp	4	edges	2	fxo_stretch
aurea.distort.warp	5	mix	-1	fx_mistura
aurea.distort.warp	6	sphere_light	-1	fx_luz_esfera
aurea.distort.ripple_dissolve	0	progress	-1	fx_progresso
aurea.distort.ripple_dissolve	1	amplitude	-1	fx_ondulacao
aurea.distort.ripple_dissolve	2	wavelength	-1	fx_comprimento_onda
aurea.distort.ripple_dissolve	3	softness	-1	fx_suavidade_borda
aurea.distort.ripple_dissolve	4	center	-1	fx_centro
aurea.distort.ripple_dissolve	5	speed	-1	fx_velocidade_onda
aurea.distort.ripple_dissolve	6	seed	-1	fxl_seed
aurea.distort.ripple_dissolve	7	warp_image	-1	fx_distorcer_imagem_junto
aurea.distort.ripple_dissolve	8	outside_in	-1	fx_fora_dentro
aurea.distort.ripple_dissolve	9	mix	-1	fxl_mix
aurea.distort.bulge	0	center	-1	fx_centro
aurea.distort.bulge	1	radius	-1	fx_raio
aurea.distort.bulge	2	height	-1	fx_altura
aurea.distort.bulge	3	mix	-1	fx_mistura
aurea.audio.reverb	0	wet	-1	fxl_effect_level
aurea.audio.reverb	1	delay	-1	fx_tempo
aurea.audio.reverb	2	decay	-1	fxl_falloff
aurea.audio.flanger	0	wet	-1	fxl_effect_level
aurea.audio.flanger	1	delay	-1	fx_tempo
aurea.audio.flanger	2	rate	-1	fxl_speed
aurea.audio.flanger	3	decay	-1	afx_p_feedback
aurea.audio.echo	0	wet	-1	fxl_effect_level
aurea.audio.echo	1	delay	-1	fx_tempo
aurea.audio.echo	2	decay	-1	fxl_falloff
aurea.stylize.omino_diffusion	0	amount	-1	fx_intensidade
aurea.stylize.omino_diffusion	1	error_weight	-1	fx_diffusion_weight
aurea.stylize.omino_diffusion	2	angle	-1	fx_angulo
aurea.stylize.omino_diffusion	3	strength	-1	fx_diffusion_reach
aurea.stylize.omino_diffusion	4	steps	-1	fx_amostras
aurea.stylize.omino_diffusion	5	stripe_width	-1	fx_diffusion_stripes
aurea.stylize.omino_diffusion	6	palette	-1	fx_diffusion_palette
aurea.stylize.omino_diffusion	6	palette	0	fxo_black_and_white
aurea.stylize.omino_diffusion	6	palette	1	fxo_rgb_2
aurea.stylize.omino_diffusion	6	palette	2	fxo_rgb_3
aurea.stylize.omino_diffusion	6	palette	3	fxo_rgb_4
aurea.stylize.omino_diffusion	6	palette	4	fxo_4_colors
aurea.stylize.omino_diffusion	7	falloff	-1	fx_diffusion_falloff
aurea.stylize.omino_diffusion	8	color_a	-1	fx_cor_1
aurea.stylize.omino_diffusion	9	color_b	-1	fx_cor_2
aurea.stylize.omino_diffusion	10	color_c	-1	fx_cor_3
aurea.stylize.omino_diffusion	11	color_d	-1	fx_cor_4
aurea.color.invert	0	invert_color	-1	fxl_invert_colors
aurea.color.invert	1	invert_alpha	-1	fxl_invert_transparency
aurea.stylize.scanlines	0	height	-1	fx_altura_linha
aurea.stylize.scanlines	1	intensity	-1	fxl_amount
aurea.stylize.scanlines	2	offset	-1	fx_deslocamento
aurea.stylize.scanlines	3	softness	-1	fx_suavidade
aurea.stylize.scanlines	4	contrast	-1	fx_contraste
aurea.stylize.scanlines	5	speed	-1	fxl_speed
aurea.stylize.scanlines	6	channel	-1	fx_canal
aurea.stylize.scanlines	6	channel	0	fxo_all
aurea.stylize.scanlines	6	channel	1	fx_vermelho_c031
aurea.stylize.scanlines	6	channel	2	fx_verde_14e6
aurea.stylize.scanlines	6	channel	3	fx_azul_582d
aurea.stylize.scanlines	7	blur	-1	fxl_vertical_blur
aurea.stylize.scanlines	8	roll	-1	fx_rolagem
aurea.stylize.scanlines	9	color	-1	fxl_sweep_color
aurea.stylize.grain	0	intensity	-1	fx_intensidade
aurea.stylize.grain	1	grain_size	-1	fx_tamanho_grao
aurea.stylize.grain	2	color_grain	-1	fx_grao_cor
aurea.stylize.grain	3	roughness	-1	fx_rugosidade
aurea.stylize.grain	4	shadows	-1	fx_sombras
aurea.stylize.grain	5	highlights	-1	fx_luzes
aurea.stylize.grain	6	seed	-1	fxl_seed
aurea.stylize.grain	7	animated	-1	fx_animado
aurea.stylize.grain	8	monochrome	-1	fx_monocromatico
aurea.stylize.halftone	0	cell	-1	fx_passo_grade
aurea.stylize.halftone	1	contrast	-1	fx_contraste
aurea.stylize.halftone	2	angle	-1	fx_angulo
aurea.stylize.halftone	3	softness	-1	fx_suavidade
aurea.stylize.halftone	4	channel_angle	-1	fx_rotacao_canal
aurea.stylize.halftone	5	pattern	-1	fx_padrao
aurea.stylize.halftone	5	pattern	0	fxo_dot
aurea.stylize.halftone	5	pattern	1	fxo_line
aurea.stylize.halftone	5	pattern	2	fxo_diamond
aurea.stylize.halftone	6	separate_channels	-1	fx_grades_separadas
aurea.stylize.halftone	7	paper	-1	fx_fundo_claro
aurea.stylize.halftone	8	dot_gain	-1	fx_ganho_ponto
aurea.stylize.halftone	9	tint	-1	fxl_paper_color
aurea.stylize.halftone	10	center_x	-1	fx_centro_x
aurea.stylize.halftone	11	center_y	-1	fx_centro_y
aurea.stylize.halftone	12	max_radius	-1	fx_raio_maximo
aurea.stylize.halftone	13	angle_1	-1	fx_angulo_canal_1
aurea.stylize.halftone	14	angle_2	-1	fx_angulo_canal_2
aurea.stylize.halftone	15	angle_3	-1	fx_angulo_canal_3
aurea.stylize.halftone	16	angle_4	-1	fx_angulo_canal_4
aurea.stylize.minimax	0	radius	-1	fx_raio
aurea.stylize.minimax	1	mode	-1	fx_operacao
aurea.stylize.minimax	1	mode	0	fxo_dilate
aurea.stylize.minimax	1	mode	1	fxo_erode
aurea.stylize.minimax	1	mode	2	fxo_open
aurea.stylize.minimax	1	mode	3	fxo_close
aurea.stylize.minimax	2	shape	-1	fx_forma
aurea.stylize.minimax	2	shape	0	fxo_cross
aurea.stylize.minimax	2	shape	1	fxo_square
aurea.stylize.minimax	2	shape	2	fxo_diamond
aurea.stylize.minimax	3	amount	-1	fx_intensidade
aurea.stylize.minimax	4	channel	-1	fx_comparar
aurea.stylize.minimax	4	channel	0	fxo_brightness_and_alpha
aurea.stylize.minimax	4	channel	1	fxo_alpha
aurea.stylize.minimax	4	channel	2	fxo_colors
aurea.stylize.minimax	4	channel	3	fxo_colors_and_alpha
aurea.blur.unsharp	0	amount	-1	fx_intensidade
aurea.blur.unsharp	1	radius	-1	fx_raio
aurea.blur.unsharp	2	threshold	-1	fx_limiar
aurea.blur.unsharp	3	only_detail	-1	fxl_detail_only
aurea.blur.unsharp	4	blend	-1	fx_mistura
aurea.light.deep_glow	0	threshold	-1	fx_limite
aurea.light.deep_glow	1	core_radius	-1	fx_raio_nucleo
aurea.light.deep_glow	2	halo_radius	-1	fx_raio_halo
aurea.light.deep_glow	3	core_intensity	-1	fx_forca_nucleo
aurea.light.deep_glow	4	halo_intensity	-1	fx_forca_halo
aurea.light.deep_glow	5	glow_color	-1	fx_cor_brilho
aurea.light.deep_glow	6	preserve_shadows	-1	fx_preservar_sombras
aurea.light.deep_glow	7	screen_halo	-1	fx_halo_tela
aurea.light.deep_glow	8	tint_core	-1	fxl_tint_core
aurea.light.deep_glow	9	tint_halo	-1	fxl_tint_halo
aurea.light.deep_glow	10	only_glow	-1	fx_so_brilho
aurea.light.deep_glow	11	clip	-1	fx_estouro
aurea.light.deep_glow	12	optical_falloff	-1	fxl_optical_falloff
aurea.light.deep_glow	13	exposure	-1	fxl_exposure
aurea.light.deep_glow	14	threshold_softness	-1	fxl_threshold_softness
aurea.light.hotspots	0	threshold	-1	fxl_threshold
aurea.light.hotspots	1	brightness	-1	fx_brilho
aurea.light.hotspots	2	blur_input	-1	fxl_input_blur
aurea.light.hotspots	3	saturation	-1	fx_saturacao
aurea.light.hotspots	4	threshold_color	-1	fxl_extra_threshold_color
aurea.light.hotspots	5	mix	-1	fxl_mix
aurea.light.halation	0	threshold	-1	fxl_highlight_threshold
aurea.light.halation	1	radius	-1	fxl_radius
aurea.light.halation	2	amount	-1	fxl_amount
aurea.light.halation	3	softness	-1	fxl_threshold_softness
aurea.light.halation	4	edges	-1	fxl_preserve_core
aurea.light.halation	5	tint	-1	fxl_halo_color
aurea.light.halation	6	only_halo	-1	fxl_halo_only
aurea.light.rays	0	intensity	-1	fx_intensidade
aurea.light.rays	1	length	-1	fx_comprimento
aurea.light.rays	2	threshold	-1	fx_limite
aurea.light.rays	3	decay	-1	fx_decaimento
aurea.light.rays	4	center	-1	fx_ponto_luz
aurea.light.rays	5	samples	-1	fx_amostras
aurea.light.rays	6	knee	-1	fxl_threshold_softness
aurea.light.rays	7	keep_source_color	-1	fx_guardar_cor_fonte
aurea.light.rays	8	color_shift	-1	fx_girar_cor
aurea.light.rays	9	color	-1	fxl_ray_color
aurea.light.sweep	1	width	-1	fxl_width
aurea.light.sweep	2	intensity	-1	fxl_sweep_intensity
aurea.light.sweep	4	angle	-1	fxl_direction
aurea.light.sweep	5	relief	-1	fxl_edge_intensity
aurea.light.sweep	8	color	-1	fxl_light_color
aurea.light.sweep	9	light_center	-1	fxl_center
aurea.light.sweep	10	edge_thickness	-1	fxl_edge_thickness
aurea.light.sweep	11	shape	-1	fxl_shape
aurea.light.sweep	11	shape	0	fxo_linear
aurea.light.sweep	11	shape	1	fxo_smooth
aurea.light.sweep	11	shape	2	fxo_sharp
aurea.light.sweep	12	reception	-1	fxl_light_reception
aurea.light.sweep	12	reception	0	fxo_add
aurea.light.sweep	12	reception	1	fxo_composite
aurea.light.sweep	12	reception	2	fxo_cutout
aurea.blur.lens	0	radius	-1	fx_raio
aurea.blur.lens	1	highlight_boost	-1	fx_ganho_luzes
aurea.blur.lens	2	iris_sides	-1	fx_lados_iris
aurea.blur.lens	3	iris_rotation	-1	fx_rotacao_iris
aurea.blur.lens	4	quality	-1	fx_qualidade
aurea.blur.lens	5	iris_sharpness	-1	fxl_softness
aurea.blur.lens	6	only_blur	-1	fxl_blur_only
aurea.blur.lens	7	mix	-1	fx_mistura
aurea.blur.lens	8	iris_curvature	-1	fx_curvatura_iris
aurea.blur.lens	9	scale_x	-1	fx_escala_x
aurea.blur.lens	10	scale_y	-1	fx_escala_y
aurea.color.colorama	0	phase	-1	fx_fase
aurea.color.colorama	1	cycles	-1	fx_ciclos
aurea.color.colorama	2	saturation	-1	fx_saturacao
aurea.color.colorama	3	brightness	-1	fx_brilho
aurea.color.colorama	4	input	-1	fx_entrada
aurea.color.colorama	4	input	0	fxo_luminance
aurea.color.colorama	4	input	1	fx_matiz
aurea.color.colorama	4	input	2	fx_vermelho_c031
aurea.color.colorama	4	input	3	fx_verde_14e6
aurea.color.colorama	4	input	4	fx_azul_582d
aurea.color.colorama	5	mix	-1	fx_mistura
aurea.color.colorama	6	invert	-1	fx_inverter_arco_iris
aurea.color.colorama	7	chroma	-1	fx_peso_croma
aurea.color.colorama	8	offset	-1	fx_deslocamento
aurea.color.colorama	9	gain	-1	fx_ganho
aurea.color.colorama	10	tint	-1	fx_name_tint
aurea.glitch.glitchify	0	band_height	-1	fx_altura_faixa
aurea.glitch.glitchify	1	displace	-1	fx_deslocamento
aurea.glitch.glitchify	2	spike	-1	fx_picos
aurea.glitch.glitchify	3	channel_split	-1	fx_separacao_rgb
aurea.glitch.glitchify	4	frequency	-1	fx_frequencia
aurea.glitch.glitchify	5	seed	-1	fxl_seed
aurea.glitch.glitchify	6	freeze	-1	fx_travar_quadro
aurea.glitch.glitchify	7	mix	-1	fx_mistura
aurea.glitch.glitchify	8	vertical	-1	fx_blocos_verticais
aurea.glitch.glitchify	9	color_corruption	-1	fx_corrupcao_cor
aurea.glitch.glitchify	10	pixel_size	-1	fxl_pixelation
aurea.glitch.glitchify	11	channel_scale	-1	fxl_rgb_scale
aurea.glitch.glitchify	12	block_width	-1	fxl_block_width
aurea.glitch.glitchify	13	block_shift	-1	fxl_block_offset
aurea.glitch.glitchify	14	tear	-1	fxl_horizontal_tears
aurea.glitch.glitchify	15	flicker	-1	fxl_flicker
aurea.glitch.glitchify	16	pixel_sort	-1	fxl_pixel_sorting
aurea.glitch.glitchify	17	amount	-1	fxl_glitchify_amount
aurea.glitch.glitchify	18	speed	-1	fxl_glitchify_speed
aurea.glitch.glitchify	19	randomness	-1	fxl_randomness
aurea.glitch.glitchify	20	transform_position	-1	fxl_position_wiggle
aurea.glitch.glitchify	21	transform_scale	-1	fxl_scale_wiggle
aurea.glitch.glitchify	22	crop	-1	fxl_crop_wiggle
aurea.glitch.glitchify	23	split_y	-1	fxl_channel_split_y
aurea.glitch.glitchify	24	scale_y	-1	fxl_channel_scale_y
aurea.glitch.glitchify	25	channel_center	-1	fxl_channel_scale_center
aurea.glitch.glitchify	26	channel_enabled	-1	fxl_channel_glitch
aurea.glitch.glitchify	27	color_enabled	-1	fxl_color_glitch
aurea.glitch.glitchify	28	image_enabled	-1	fxl_image_glitch
aurea.glitch.glitchify	29	completion	-1	fxl_transition_completion
aurea.glitch.glitchify	30	transition_softness	-1	fxl_transition_softness
aurea.glitch.glitchify	31	dither	-1	fxl_dither_amount
aurea.glitch.glitchify	32	repeat_edges	-1	fxl_repeat_edge_pixels
aurea.glitch.glitchify	33	vertical_sort	-1	fxl_vertical_sort
aurea.glitch.glitchify	34	streak	-1	fxl_pixel_streak
aurea.glitch.vhs	0	blur	-1	fx_borrado_luma
aurea.glitch.vhs	1	chroma	-1	fx_alargar_cor
aurea.glitch.vhs	2	tracking	-1	fx_instabilidade
aurea.glitch.vhs	3	dropouts	-1	fx_perdas_fita
aurea.glitch.vhs	4	head_lines	-1	fx_varredura_cabecote
aurea.glitch.vhs	5	noise	-1	fx_ruido
aurea.glitch.vhs	6	degrade	-1	fx_degradacao_cor
aurea.glitch.vhs	7	bleed	-1	fx_sangramento
aurea.glitch.vhs	8	seed	-1	fxl_seed
aurea.glitch.vhs	9	tracking_speed	-1	fx_velocidade_instabilidade
aurea.glitch.vhs	10	dropout_height	-1	fx_velocidade_instabilidade
aurea.glitch.vhs	11	mix	-1	fx_altura_perda
aurea.glitch.uni_vhs	0	split	-1	fx_separacao_rgb
aurea.glitch.uni_vhs	1	warp	-1	fx_ondulacao
aurea.glitch.uni_vhs	2	dirty_glow	-1	fx_brilho_sujo
aurea.glitch.uni_vhs	3	vignette	-1	fx_vinheta
aurea.glitch.uni_vhs	4	head_lines	-1	fx_varredura
aurea.glitch.uni_vhs	5	noise	-1	fx_ruido
aurea.glitch.uni_vhs	6	saturation	-1	fx_saturacao
aurea.glitch.uni_vhs	7	mix	-1	fx_mistura
aurea.glitch.uni_vhs	8	seed	-1	fxl_seed
aurea.glitch.uni_vhs	9	warp_frequency	-1	fx_frequencia_ondulacao
aurea.glitch.signal	0	band	-1	fx_bandas_perdidas
aurea.glitch.signal	1	displace	-1	fx_deslocamento
aurea.glitch.signal	2	drift	-1	fx_deriva
aurea.glitch.signal	3	band_height	-1	fx_altura_banda
aurea.glitch.signal	4	noise	-1	fx_ruido_sinal
aurea.glitch.signal	5	seed	-1	fxl_seed
aurea.glitch.signal	6	frequency	-1	fx_frequencia
aurea.glitch.signal	7	mix	-1	fx_mistura
aurea.glitch.signal	8	sync_loss	-1	fx_perder_sincronia
aurea.glitch.signal	9	split	-1	fx_separacao_cor
aurea.glitch.cross	0	progress	-1	fx_progresso
aurea.glitch.cross	1	thickness	-1	fx_largura_faixa
aurea.glitch.cross	2	displace	-1	fx_deslocamento
aurea.glitch.cross	3	background	-1	fx_ruido_fundo
aurea.glitch.cross	4	split	-1	fx_separacao_rgb
aurea.glitch.cross	5	seed	-1	fxl_seed
aurea.glitch.cross	6	frequency	-1	fx_frequencia
aurea.glitch.cross	7	mix	-1	fx_mistura
aurea.glitch.cross	8	vertical_band	-1	fx_faixa_vertical
aurea.glitch.cross	9	horizontal_band	-1	fx_faixa_horizontal
aurea.glitch.cross	10	line_color	-1	fxl_scratch_color
aurea.stylize.holomatrix	0	tint_mix	-1	fx_mistura_cor
aurea.stylize.holomatrix	1	grid	-1	fx_grade
aurea.stylize.holomatrix	2	grid_cells	-1	fx_celulas_grade
aurea.stylize.holomatrix	3	edge_glow	-1	fx_brilho_bordas
aurea.stylize.holomatrix	4	scan_position	-1	fx_posicao_varredura
aurea.stylize.holomatrix	5	scan_width	-1	fx_largura_varredura
aurea.stylize.holomatrix	6	interference	-1	fx_interferencia
aurea.stylize.holomatrix	7	scan_speed	-1	fx_velocidade_varredura
aurea.stylize.holomatrix	8	interference_freq	-1	fxl_interference_frequency
aurea.stylize.holomatrix	9	background	-1	fx_fundo_aceso
aurea.stylize.holomatrix	10	head_lines	-1	fxl_fine_lines
aurea.stylize.holomatrix	11	mix	-1	fx_mistura
aurea.stylize.holomatrix	12	color	-1	fxl_hologram_color
aurea.stylize.film_damage	0	dust	-1	fx_poeira
aurea.stylize.film_damage	1	scratches	-1	fx_riscos
aurea.stylize.film_damage	2	flicker	-1	fx_piscar
aurea.stylize.film_damage	3	gate_weave	-1	fx_balanco_porta
aurea.stylize.film_damage	4	burn	-1	fx_queimado
aurea.stylize.film_damage	5	splice	-1	fx_emenda
aurea.stylize.film_damage	6	seed	-1	fxl_seed
aurea.stylize.film_damage	7	mix	-1	fx_mistura
aurea.stylize.film_damage	8	dust_size	-1	fx_tamanho_poeira
aurea.stylize.film_damage	9	scratch_length	-1	fx_comprimento_risco
aurea.stylize.film_damage	10	splice_speed	-1	fxl_splice_speed
aurea.stylize.film_damage	11	burn_color	-1	fx_calor_queimado
aurea.stylize.jpeg_damage	0	quality	-1	fx_qualidade
aurea.stylize.jpeg_damage	1	blocks	-1	fx_blocos
aurea.stylize.jpeg_damage	2	ringing	-1	fx_anelamento
aurea.stylize.jpeg_damage	3	chroma_damage	-1	fx_dano_cor
aurea.stylize.jpeg_damage	4	block_size	-1	fx_tamanho_bloco
aurea.stylize.jpeg_damage	5	smooth_block	-1	fx_suavizar_bloco
aurea.stylize.jpeg_damage	6	edge_boost	-1	fxl_edge_boost
aurea.stylize.jpeg_damage	7	mix	-1	fx_mistura
aurea.stylize.jpeg_damage	8	corruption	-1	fx_blocos_corrompidos
aurea.stylize.jpeg_damage	9	seed	-1	fxl_seed
aurea.stylize.pixel_sort	0	threshold_low	-1	fx_limiar_baixo
aurea.stylize.pixel_sort	1	threshold_high	-1	fx_limiar_alto
aurea.stylize.pixel_sort	2	length	-1	fx_comprimento
aurea.stylize.pixel_sort	3	randomness	-1	fx_aleatoriedade
aurea.stylize.pixel_sort	4	direction	-1	fx_direcao
aurea.stylize.pixel_sort	4	direction	0	fxo_horizontal
aurea.stylize.pixel_sort	4	direction	1	fxo_vertical
aurea.stylize.pixel_sort	4	direction	2	fxo_diagonal
aurea.stylize.pixel_sort	4	direction	3	fxo_radial
aurea.stylize.pixel_sort	5	reverse	-1	fx_sentido_inverso
aurea.stylize.pixel_sort	6	mode	-1	fx_ordenar
aurea.stylize.pixel_sort	6	mode	0	fxo_brightness
aurea.stylize.pixel_sort	6	mode	1	afx_name_tone
aurea.stylize.pixel_sort	6	mode	2	fx_vermelho_c031
aurea.stylize.pixel_sort	6	mode	3	fx_verde_14e6
aurea.stylize.pixel_sort	6	mode	4	fx_azul_582d
aurea.stylize.pixel_sort	7	seed	-1	fxl_seed
aurea.stylize.pixel_sort	8	band_mode	-1	fx_faixa_tom
aurea.stylize.pixel_sort	9	step	-1	fx_passo
aurea.time.posterize	0	frame_rate	-1	fx_quadros_segundo
aurea.time.posterize	1	hold	-1	fx_segurar_quadro
aurea.time.warp_rgb	0	red_offset	-1	fx_vermelho_c031
aurea.time.warp_rgb	1	green_offset	-1	fx_verde_14e6
aurea.time.warp_rgb	2	blue_offset	-1	fx_azul_582d
aurea.time.warp_rgb	3	units	-1	fx_unidade
aurea.time.warp_rgb	3	units	0	fxo_frames
aurea.time.warp_rgb	3	units	1	fxo_seconds
aurea.time.warp_rgb	4	blend	-1	fx_intensidade
aurea.time.warp_rgb	5	clamp	-1	fx_prender_nas_pontas
aurea.time.remap	0	time	-1	fx_tempo
aurea.time.remap	1	interpolation	-1	fx_interpolacao_do_tempo
aurea.time.remap	1	interpolation	0	fxo_linear
aurea.time.remap	1	interpolation	1	fxo_smooth
aurea.time.remap	1	interpolation	2	fxo_hold
aurea.time.remap	1	interpolation	3	fxo_ease_in
aurea.time.remap	1	interpolation	4	fxo_ease_out
aurea.transition.linear_wipe	0	completion	-1	fx_conclusao
aurea.transition.linear_wipe	1	angle	-1	fxl_start_angle
aurea.transition.linear_wipe	2	feather	-1	fxl_softness
aurea.transition.linear_wipe	3	reverse	-1	fxl_reverse_direction
aurea.transition.radial_wipe	0	completion	-1	fx_conclusao
aurea.transition.radial_wipe	1	angle	-1	fxl_start_angle
aurea.transition.radial_wipe	2	feather	-1	fxl_softness
aurea.transition.radial_wipe	3	reverse	-1	fxl_reverse_direction
aurea.transition.radial_wipe	4	center_x	-1	fxl_center_x
aurea.transition.radial_wipe	5	center_y	-1	fxl_center_y
aurea.transition.block_dissolve	0	completion	-1	fx_conclusao
aurea.transition.block_dissolve	1	angle	-1	fxl_start_angle
aurea.transition.block_dissolve	2	feather	-1	fxl_softness
aurea.transition.block_dissolve	3	reverse	-1	fxl_reverse_direction
aurea.transition.block_dissolve	4	block_width	-1	fxl_block_width_2
aurea.transition.block_dissolve	5	block_height	-1	fxl_block_height
aurea.transition.block_dissolve	6	seed	-1	fxl_seed
aurea.light.lens_flare	0	center_x	-1	fxl_center_x
aurea.light.lens_flare	1	center_y	-1	fxl_center_y
aurea.light.lens_flare	2	brightness	-1	fx_brilho
aurea.light.lens_flare	3	size	-1	fx_tamanho
aurea.light.lens_flare	4	ghosts	-1	fxl_internal_reflections
aurea.light.lens_flare	5	tint	-1	fxl_color
aurea.distort.ripple	0	center_x	-1	fxl_center_x
aurea.distort.ripple	1	center_y	-1	fxl_center_y
aurea.distort.ripple	2	amplitude	-1	fx_amplitude
aurea.distort.ripple	3	wavelength	-1	fx_comprimento_onda
aurea.distort.ripple	4	phase	-1	fxl_phase
aurea.distort.ripple	5	decay	-1	fx_diffusion_falloff
aurea.distort.optics_compensation	0	center_x	-1	fxl_center_x
aurea.distort.optics_compensation	1	center_y	-1	fxl_center_y
aurea.distort.optics_compensation	2	fov	-1	fxl_field_of_view
aurea.distort.optics_compensation	3	reverse	-1	fxl_reverse_distortion
aurea.color.rgb_split	0	red_x	-1	fxl_red_x
aurea.color.rgb_split	1	red_y	-1	fxl_red_y
aurea.color.rgb_split	2	green_x	-1	fxl_green_x
aurea.color.rgb_split	3	green_y	-1	fxl_green_y
aurea.color.rgb_split	4	blue_x	-1	fxl_blue_x
aurea.color.rgb_split	5	blue_y	-1	fxl_blue_y
aurea.color.rgb_split	6	mix	-1	fxl_mix
aurea.color.rgb_split	7	repeat_edges	-1	fxl_repeat_edges
aurea.color.chromatic_aberration	0	amount	-1	fxl_amount
aurea.color.chromatic_aberration	1	center_x	-1	fxl_center_x
aurea.color.chromatic_aberration	2	center_y	-1	fxl_center_y
aurea.color.chromatic_aberration	3	mix	-1	fxl_mix
aurea.color.chromatic_aberration	4	repeat_edges	-1	fxl_repeat_edges
aurea.blur.box	0	radius	-1	fxl_radius
aurea.blur.box	1	angle	-1	fxl_angle
aurea.blur.box	2	repeat_edges	-1	fxl_extend_edges
aurea.blur.directional	0	radius	-1	fxl_radius
aurea.blur.directional	1	angle	-1	fxl_angle
aurea.blur.directional	2	repeat_edges	-1	fxl_extend_edges
aurea.pattern.stripes	0	count	-1	fxl_count
aurea.pattern.stripes	1	width	-1	fxl_width
aurea.pattern.stripes	2	angle	-1	fxl_angle
aurea.pattern.stripes	3	phase	-1	fxl_phase
aurea.pattern.stripes	4	center_x	-1	fxl_center_x
aurea.pattern.stripes	5	center_y	-1	fxl_center_y
aurea.pattern.stripes	6	color	-1	fxl_color
aurea.pattern.stripes	7	opacity	-1	fxl_opacity
aurea.pattern.stripes	8	stretch	-1	fxl_stretch_y
aurea.pattern.stripes	9	feather	-1	fxl_feather
aurea.pattern.stripes	10	blend	-1	fxl_blend
aurea.pattern.stripes	10	blend	0	fxo_normal
aurea.pattern.stripes	10	blend	1	fxo_multiply
aurea.pattern.stripes	10	blend	2	fxo_screen
aurea.pattern.radial_rays	0	count	-1	fxl_rays
aurea.pattern.radial_rays	1	width	-1	fxl_width
aurea.pattern.radial_rays	2	angle	-1	fxl_angle
aurea.pattern.radial_rays	3	phase	-1	fxl_phase
aurea.pattern.radial_rays	4	center_x	-1	fxl_center_x
aurea.pattern.radial_rays	5	center_y	-1	fxl_center_y
aurea.pattern.radial_rays	6	color	-1	fxl_color
aurea.pattern.radial_rays	7	opacity	-1	fxl_opacity
aurea.pattern.radial_rays	8	stretch	-1	fxl_stretch_y
aurea.pattern.radial_rays	9	feather	-1	fxl_feather
aurea.pattern.radial_rays	10	blend	-1	fxl_blend
aurea.pattern.radial_rays	10	blend	0	fxo_normal
aurea.pattern.radial_rays	10	blend	1	fxo_multiply
aurea.pattern.radial_rays	10	blend	2	fxo_screen
aurea.pattern.grid	0	count	-1	fxl_count
aurea.pattern.grid	1	width	-1	fxl_width
aurea.pattern.grid	2	angle	-1	fxl_angle
aurea.pattern.grid	3	phase	-1	fxl_phase
aurea.pattern.grid	4	center_x	-1	fxl_center_x
aurea.pattern.grid	5	center_y	-1	fxl_center_y
aurea.pattern.grid	6	color	-1	fxl_color
aurea.pattern.grid	7	opacity	-1	fxl_opacity
aurea.pattern.grid	8	stretch	-1	fxl_stretch_y
aurea.pattern.grid	9	feather	-1	fxl_feather
aurea.pattern.grid	10	blend	-1	fxl_blend
aurea.pattern.grid	10	blend	0	fxo_normal
aurea.pattern.grid	10	blend	1	fxo_multiply
aurea.pattern.grid	10	blend	2	fxo_screen
aurea.transform.parenting_helper	0	rotation	-1	fxl_inherit_rotation
aurea.transform.parenting_helper	1	scale	-1	fxl_inherit_scale
aurea.text3d.layout	0	rotation_x	-1	fxl_letter_rotation_x
aurea.text3d.layout	1	rotation_y	-1	fxl_letter_rotation_y
aurea.text3d.layout	2	rotation_z	-1	fxl_letter_rotation_z
aurea.text3d.layout	3	bend	-1	fxl_cylinder_bend
aurea.text3d.layout	4	spacing	-1	fxl_letter_spacing
aurea.text3d.layout	5	twist	-1	fxl_twist
aurea.text3d.layout	6	first	-1	fxl_first_letter
aurea.text3d.layout	7	last	-1	fxl_last_letter
aurea.text3d.layout	8	amount	-1	fxl_amount
aurea.text3d.layout	9	letter_delay	-1	fxl_delay_per_letter
aurea.text3d.layout	10	rotation_variation	-1	fxl_rotation_variation
aurea.text3d.layout	11	seed	-1	fxl_variation_seed
aurea.pattern.checkerboard	0	width	-1	fx_largura_celula
aurea.pattern.checkerboard	1	height	-1	fx_altura_celula
aurea.pattern.checkerboard	2	anchor	-1	fx_ancora
aurea.pattern.checkerboard	3	rotation	-1	fx_rotacao
aurea.pattern.checkerboard	4	feather	-1	fx_suavidade_borda
aurea.pattern.checkerboard	5	invert	-1	fx_inverter
aurea.pattern.checkerboard	6	opacity	-1	fx_opacidade
aurea.pattern.checkerboard	7	color	-1	fx_cor
aurea.pattern.hexagonal	0	size	-1	fx_tamanho_celula
aurea.pattern.hexagonal	1	anchor	-1	fx_ancora
aurea.pattern.hexagonal	2	rotation	-1	fx_rotacao
aurea.pattern.hexagonal	3	border	-1	fx_espessura
aurea.pattern.hexagonal	4	feather	-1	fx_suavidade_borda
aurea.pattern.hexagonal	5	invert	-1	fx_inverter
aurea.pattern.hexagonal	6	opacity	-1	fx_opacidade
aurea.pattern.hexagonal	7	color	-1	fx_cor
aurea.distort.corner_pin	0	tl_x	-1	fxl_top_left_x
aurea.distort.corner_pin	1	tl_y	-1	fxl_top_left_y
aurea.distort.corner_pin	2	tr_x	-1	fxl_top_right_x
aurea.distort.corner_pin	3	tr_y	-1	fxl_top_right_y
aurea.distort.corner_pin	4	br_x	-1	fxl_bottom_right_x
aurea.distort.corner_pin	5	br_y	-1	fxl_bottom_right_y
aurea.distort.corner_pin	6	bl_x	-1	fxl_bottom_left_x
aurea.distort.corner_pin	7	bl_y	-1	fxl_bottom_left_y
aurea.distort.corner_pin	8	crop	-1	fxl_crop_to_layer
aurea.glitch.jpeg_codec	0	quality	-1	fxl_jpeg_quality
aurea.glitch.jpeg_codec	1	damage	-1	fxl_coefficient_damage
aurea.glitch.jpeg_codec	2	strength	-1	fxl_damage_strength
aurea.glitch.jpeg_codec	3	seed	-1	fxl_seed
aurea.glitch.jpeg_codec	4	speed	-1	fxl_changes_per_second
aurea.glitch.jpeg_codec	5	mix	-1	fxl_mix
aurea.glitch.jpeg_codec	6	table_override	-1	fxl_edit_quantization_table
aurea.glitch.jpeg_codec	7	table_position	-1	fxl_table_position
aurea.glitch.jpeg_codec	8	table_value	-1	fxl_table_value
aurea.glitch.jpeg_codec	9	table_random	-1	fxl_random_table_entries
aurea.glitch.jpeg_codec	10	table_max	-1	fxl_maximum_random_value
aurea.glitch.jpeg_codec	11	sampling	-1	fxl_chroma_subsampling
aurea.glitch.jpeg_codec	11	sampling	0	fxo_4_4_4
aurea.glitch.jpeg_codec	11	sampling	1	fxo_4_2_2
aurea.glitch.jpeg_codec	11	sampling	2	fxo_4_2_0
aurea.glitch.jpeg_codec	12	dc_shift	-1	fxl_dc_drift
aurea.glitch.jpeg_codec	13	frequency_start	-1	fxl_first_frequency
aurea.glitch.jpeg_codec	14	frequency_end	-1	fxl_last_frequency
aurea.glitch.analog_signal	0	noise	-1	fxl_signal_noise
aurea.glitch.analog_signal	1	bandwidth	-1	fxl_chroma_bandwidth
aurea.glitch.analog_signal	2	bend	-1	fxl_horizontal_bend
aurea.glitch.analog_signal	3	chroma_gain	-1	fxl_chroma_gain
aurea.glitch.analog_signal	4	mix	-1	fxl_mix
aurea.glitch.analog_signal	5	standard	-1	fxl_standard
aurea.glitch.analog_signal	5	standard	0	fxo_ntsc
aurea.glitch.analog_signal	5	standard	1	fxo_pal
aurea.glitch.analog_signal	6	phase	-1	fxl_chroma_phase
aurea.glitch.analog_signal	7	crosstalk	-1	fxl_y_c_crosstalk
aurea.glitch.analog_signal	8	head_switch	-1	fxl_head_switching
aurea.glitch.analog_signal	9	roll	-1	fxl_vertical_roll
aurea.glitch.analog_signal	10	scanlines	-1	fxl_scanlines
aurea.glitch.analog_signal	11	chroma_delay	-1	fxl_chroma_delay
aurea.glitch.analog_signal	12	speed	-1	fxl_speed
aurea.glitch.analog_signal	13	seed	-1	fxl_seed
aurea.glitch.analog_signal	14	dropouts	-1	fxl_dropouts
aurea.glitch.analog_signal	15	freeze	-1	fxl_freeze
aurea.light.deep_glow_2	0	radius	-1	fxl_radius
aurea.light.deep_glow_2	1	exposure	-1	fxl_exposure
aurea.light.deep_glow_2	2	threshold	-1	fxl_threshold
aurea.light.deep_glow_2	3	softness	-1	fxl_threshold_smoothness
aurea.light.deep_glow_2	4	spread	-1	fxl_spread
aurea.light.deep_glow_2	5	aspect	-1	fxl_aspect_ratio
aurea.light.deep_glow_2	6	aberration	-1	fxl_chromatic_radius
aurea.light.deep_glow_2	7	inner_tint	-1	fxl_inner_tint
aurea.light.deep_glow_2	8	outer_tint	-1	fxl_outer_tint
aurea.light.deep_glow_2	9	tint	-1	fxl_tint_amount
aurea.light.deep_glow_2	10	blend	-1	fxl_blend
aurea.light.deep_glow_2	10	blend	0	fxo_add
aurea.light.deep_glow_2	10	blend	1	fxo_screen
aurea.light.deep_glow_2	11	tonemap	-1	fxl_tone_mapping
aurea.light.deep_glow_2	11	tonemap	0	fxo_none_hdr
aurea.light.deep_glow_2	11	tonemap	1	fxo_reinhard
aurea.light.deep_glow_2	11	tonemap	2	fxo_aces
aurea.light.deep_glow_2	11	tonemap	3	fxo_filmic
aurea.light.deep_glow_2	11	tonemap	4	fxo_exponential
aurea.light.deep_glow_2	11	tonemap	5	fxo_clamp
aurea.light.deep_glow_2	12	quality	-1	fxl_quality
aurea.light.deep_glow_2	12	quality	0	fxo_draft
aurea.light.deep_glow_2	12	quality	1	fxo_balanced
aurea.light.deep_glow_2	12	quality	2	fxo_high
aurea.light.deep_glow_2	13	view	-1	fxl_view
aurea.light.deep_glow_2	13	view	0	fxo_composite
aurea.light.deep_glow_2	13	view	1	fxo_glow_only
aurea.light.deep_glow_2	13	view	2	fxo_glow_input
aurea.light.deep_glow_2	14	saturation_bias	-1	fxl_saturation_bias
aurea.light.deep_glow_2	15	mix	-1	fxl_mix
aurea.light.shadow_studio_3	0	mode	-1	fxl_mode
aurea.light.shadow_studio_3	0	mode	0	fxo_drop
aurea.light.shadow_studio_3	0	mode	1	fxo_long
aurea.light.shadow_studio_3	0	mode	2	fxo_radial
aurea.light.shadow_studio_3	1	length	-1	fxl_length
aurea.light.shadow_studio_3	2	angle	-1	fxl_angle
aurea.light.shadow_studio_3	3	softness	-1	fxl_softness
aurea.light.shadow_studio_3	4	opacity	-1	fxl_opacity
aurea.light.shadow_studio_3	5	near_color	-1	fxl_near_color
aurea.light.shadow_studio_3	6	far_color	-1	fxl_far_color
aurea.light.shadow_studio_3	7	light	-1	fxl_light_position
aurea.light.shadow_studio_3	8	inner	-1	fxl_inner_shadow
aurea.light.shadow_studio_3	9	inverse	-1	fxl_inverse_direction
aurea.light.shadow_studio_3	10	source_rgba	-1	fxl_source_color
aurea.light.shadow_studio_3	11	falloff	-1	fxl_falloff
aurea.light.shadow_studio_3	12	spread	-1	fxl_shadow_spread
aurea.light.shadow_studio_3	13	view	-1	fxl_view
aurea.light.shadow_studio_3	13	view	0	fxo_composite
aurea.light.shadow_studio_3	13	view	1	fxo_shadow_only
aurea.light.shadow_studio_3	14	quality	-1	fxl_quality
aurea.light.shadow_studio_3	14	quality	0	fxo_draft
aurea.light.shadow_studio_3	14	quality	1	fxo_balanced
aurea.light.shadow_studio_3	14	quality	2	fxo_high
aurea.light.shadow_studio_3	15	noise	-1	fxl_texture_noise
aurea.light.shadow_studio_3	16	seed	-1	fxl_texture_seed
aurea.generate.tracery	0	key_color	-1	fxl_key_color
aurea.generate.tracery	1	threshold	-1	fxl_color_tolerance
aurea.generate.tracery	2	minimum_area	-1	fxl_minimum_area
aurea.generate.tracery	3	targets	-1	fxl_maximum_regions
aurea.generate.tracery	4	stroke	-1	fxl_box_stroke
aurea.generate.tracery	5	overlay_color	-1	fxl_overlay_color
aurea.generate.tracery	6	marker_size	-1	fxl_marker_size
aurea.generate.tracery	7	connections	-1	fxl_connections
aurea.generate.tracery	7	connections	0	fxo_none_2
aurea.generate.tracery	7	connections	1	fxo_sequential
aurea.generate.tracery	7	connections	2	fxo_star
aurea.generate.tracery	7	connections	3	fxo_full_mesh_16_regions
aurea.generate.tracery	7	connections	4	fxo_minimum_spanning_tree
aurea.generate.tracery	8	fill	-1	fxl_box_fill
aurea.generate.tracery	9	corners	-1	fxl_corner_length
aurea.generate.tracery	10	marker	-1	fxl_marker
aurea.generate.tracery	10	marker	0	fxo_dot
aurea.generate.tracery	10	marker	1	fxo_plus
aurea.generate.tracery	10	marker	2	fxo_cross
aurea.generate.tracery	10	marker	3	fxo_none_2
aurea.generate.tracery	11	arrows	-1	fxl_arrows
aurea.generate.tracery	12	labels	-1	fxl_labels
aurea.generate.tracery	12	labels	0	fxo_none_2
aurea.generate.tracery	12	labels	1	fxo_index
aurea.generate.tracery	12	labels	2	fxo_coordinates
aurea.generate.tracery	13	overlay_only	-1	fxl_overlay_only
aurea.generate.tracery	14	mask	-1	fxl_show_detection_mask
aurea.generate.tracery	15	quality	-1	fxl_detection_resolution
aurea.generate.tracery	15	quality	0	fxo_draft_64
aurea.generate.tracery	15	quality	1	fxo_balanced_96
aurea.generate.tracery	15	quality	2	fxo_high_128
aurea.generate.tracery	16	blur	-1	fxl_detection_blur
aurea.generate.tracery	17	padding	-1	fxl_box_padding
aurea.generate.tracery	18	opacity	-1	fxl_overlay_opacity
aurea.motion.oscillate	0	direction	-1	fx_direcao
aurea.motion.oscillate	1	magnitude	-1	fx_amplitude
aurea.motion.oscillate	2	frequency	-1	fx_frequencia
aurea.motion.oscillate	3	phase	-1	fx_fase
aurea.motion.oscillate	4	rotation	-1	fx_rotacao
aurea.motion.oscillate	5	scale	-1	fx_pulso_escala
aurea.motion.oscillate	6	waveform	-1	fx_forma_onda
aurea.motion.oscillate	6	waveform	0	fxo_sine
aurea.motion.oscillate	6	waveform	1	fxo_triangle
aurea.motion.oscillate	6	waveform	2	fxo_square_2
aurea.motion.oscillate	6	waveform	3	fxo_sawtooth
aurea.motion.oscillate	6	waveform	4	fxo_random
aurea.motion.oscillate	7	seed	-1	fx_semente
aurea.motion.oscillate	8	decay	-1	fx_decaimento
aurea.motion.oscillate	9	pivot	-1	fx_pivo
aurea.motion.swing	0	angle	-1	fx_angulo
aurea.motion.swing	1	frequency	-1	fx_frequencia
aurea.motion.swing	2	pivot	-1	fx_pivo
aurea.motion.swing	3	phase	-1	fx_fase
aurea.motion.swing	4	decay	-1	fx_decaimento
aurea.motion.wiggle	0	frequency	-1	fx_frequencia
aurea.motion.wiggle	1	position_x	-1	fx_posicao_x
aurea.motion.wiggle	2	position_y	-1	fx_posicao_y
aurea.motion.wiggle	3	rotation	-1	fx_rotacao
aurea.motion.wiggle	4	scale	-1	fx_escala
aurea.motion.wiggle	5	amount	-1	fx_intensidade
aurea.motion.wiggle	6	octaves	-1	fx_oitavas
aurea.motion.wiggle	7	hold	-1	fx_segurar_saltos
aurea.motion.wiggle	8	seed	-1	fx_semente
aurea.motion.wiggle	9	pivot	-1	fx_pivo
aurea.transition.iris_wipe	0	completion	-1	fx_conclusao
aurea.transition.iris_wipe	1	feather	-1	fx_suavidade
aurea.transition.iris_wipe	2	reverse	-1	fx_sentido_inverso
aurea.transition.iris_wipe	3	center	-1	fx_centro
aurea.transition.iris_wipe	4	rotation	-1	fx_rotacao
aurea.transition.iris_wipe	5	sides	-1	fx_lados_iris
aurea.transition.box_wipe	0	completion	-1	fx_conclusao
aurea.transition.box_wipe	1	feather	-1	fx_suavidade
aurea.transition.box_wipe	2	reverse	-1	fx_sentido_inverso
aurea.transition.box_wipe	3	center	-1	fx_centro
aurea.transition.box_wipe	4	rotation	-1	fx_rotacao
aurea.transition.venetian_blinds	0	completion	-1	fx_conclusao
aurea.transition.venetian_blinds	1	feather	-1	fx_suavidade
aurea.transition.venetian_blinds	2	reverse	-1	fx_sentido_inverso
aurea.transition.venetian_blinds	3	direction	-1	fx_direcao
aurea.transition.venetian_blinds	4	count	-1	fx_faixas
aurea.blur.radial	0	type	-1	fx_tipo
aurea.blur.radial	0	type	0	fxo_spin
aurea.blur.radial	0	type	1	fxl_zoom
aurea.blur.radial	1	amount	-1	fx_intensidade
aurea.blur.radial	2	center	-1	fx_centro
aurea.blur.radial	3	quality	-1	fx_qualidade
aurea.blur.radial	3	quality	0	fxo_draft
aurea.blur.radial	3	quality	1	fxo_good
aurea.blur.radial	3	quality	2	fxo_high
aurea.blur.radial	4	mix	-1	fx_mistura
aurea.distort.mirror	0	center	-1	fx_centro
aurea.distort.mirror	1	angle	-1	fx_angulo
aurea.distort.mirror	2	flip_side	-1	fx_trocar_lado
aurea.transform.crop	0	left	-1	fx_esquerda
aurea.transform.crop	1	top	-1	fx_topo
aurea.transform.crop	2	right	-1	fx_direita
aurea.transform.crop	3	bottom	-1	fx_base
aurea.transform.crop	4	feather	-1	fx_suavidade_borda
aurea.stylize.vignette	0	amount	-1	fx_intensidade
aurea.stylize.vignette	1	size	-1	fx_tamanho
aurea.stylize.vignette	2	softness	-1	fx_suavidade
aurea.stylize.vignette	3	roundness	-1	fx_arredondamento
aurea.stylize.vignette	4	center	-1	fx_centro
aurea.stylize.vignette	5	color	-1	fx_cor
aurea.stylize.mosaic	0	cell_size	-1	fx_tamanho_celula
aurea.stylize.mosaic	1	gap	-1	fx_vao_celulas
aurea.stylize.mosaic	2	round	-1	fx_celulas_redondas
aurea.stylize.mosaic	3	shade	-1	fx_sombreado
aurea.stylize.mosaic	4	cell_vignette	-1	fx_vinheta_celula
aurea.stylize.mosaic	5	background	-1	fx_cor_fundo
aurea.stylize.mosaic	6	style	-1	fx_estilo
aurea.stylize.mosaic	6	style	0	fxo_free
aurea.stylize.mosaic	6	style	1	fxo_block_mosaic
aurea.stylize.mosaic	6	style	2	fxo_led_wall
aurea.stylize.mosaic	6	style	3	fxo_dot_matrix
aurea.stylize.mosaic	7	vignette	-1	fx_vinheta
aurea.stylize.find_edges	0	intensity	-1	fx_intensidade
aurea.stylize.find_edges	1	width	-1	fx_largura
aurea.stylize.find_edges	2	invert	-1	fx_inverter
aurea.stylize.find_edges	3	mix	-1	fx_mistura
aurea.color.hue_saturation	0	hue	-1	fx_matiz
aurea.color.hue_saturation	1	saturation	-1	fx_saturacao
aurea.color.hue_saturation	2	lightness	-1	fx_luminosidade
aurea.color.hue_saturation	3	colorize	-1	fx_colorir
aurea.color.hue_saturation	4	colorize_hue	-1	fx_matiz_colorir
aurea.color.hue_saturation	5	colorize_saturation	-1	fx_saturacao_colorir
aurea.color.hue_saturation	6	mix	-1	fx_mistura
aurea.stylize.drop_shadow	0	shadow_color	-1	fx_cor_sombra
aurea.stylize.drop_shadow	1	opacity	-1	fx_opacidade
aurea.stylize.drop_shadow	2	direction	-1	fx_direcao
aurea.stylize.drop_shadow	3	distance	-1	fx_distancia
aurea.stylize.drop_shadow	4	softness	-1	fx_suavidade
aurea.stylize.border	0	color	-1	fx_cor
aurea.stylize.border	1	width	-1	fx_largura
aurea.stylize.border	2	opacity	-1	fx_opacidade
aurea.generate.fractal_noise	0	noise_type	-1	fx_tipo_ruido
aurea.generate.fractal_noise	0	noise_type	0	fx_blocos
aurea.generate.fractal_noise	0	noise_type	1	fxo_linear
aurea.generate.fractal_noise	0	noise_type	2	fxo_smooth
aurea.generate.fractal_noise	0	noise_type	3	fxo_perlin
aurea.generate.fractal_noise	0	noise_type	4	fxo_simplex
aurea.generate.fractal_noise	1	fractal_type	-1	fx_tipo_fractal
aurea.generate.fractal_noise	1	fractal_type	0	fxo_fbm
aurea.generate.fractal_noise	1	fractal_type	1	fx_name_turbulence
aurea.generate.fractal_noise	1	fractal_type	2	fxo_ridged
aurea.generate.fractal_noise	2	contrast	-1	fx_contraste
aurea.generate.fractal_noise	3	brightness	-1	fx_brilho
aurea.generate.fractal_noise	4	invert	-1	fx_inverter
aurea.generate.fractal_noise	5	overflow	-1	fx_estouro
aurea.generate.fractal_noise	5	overflow	0	fxo_clip
aurea.generate.fractal_noise	5	overflow	1	fxo_smooth
aurea.generate.fractal_noise	5	overflow	2	fxo_wrap
aurea.generate.fractal_noise	6	scale	-1	fx_escala
aurea.generate.fractal_noise	7	complexity	-1	fx_complexidade
aurea.generate.fractal_noise	8	evolution	-1	fx_evolucao
aurea.generate.fractal_noise	9	offset	-1	fx_deslocamento
aurea.generate.fractal_noise	10	rotation	-1	fx_rotacao
aurea.generate.fractal_noise	11	seed	-1	fx_semente
aurea.generate.fractal_noise	12	sub_influence	-1	fx_influencia_oitavas
aurea.generate.fractal_noise	13	opacity	-1	fx_opacidade
aurea.generate.fractal_noise	14	blend	-1	fx_mistura_camada
aurea.generate.fractal_noise	14	blend	0	fxo_normal
aurea.generate.fractal_noise	14	blend	1	fxo_multiply
aurea.generate.fractal_noise	14	blend	2	fxo_screen
aurea.generate.fractal_noise	14	blend	3	fxo_overlay
aurea.generate.fractal_noise	14	blend	4	fxo_add
aurea.generate.fractal_noise	15	fill_box	-1	fx_preencher_caixa
aurea.generate.gradient_ramp	0	shape	-1	fx_forma
aurea.generate.gradient_ramp	0	shape	0	fxo_linear
aurea.generate.gradient_ramp	0	shape	1	fxo_radial
aurea.generate.gradient_ramp	1	start	-1	fx_ponto_inicial
aurea.generate.gradient_ramp	2	end	-1	fx_ponto_final
aurea.generate.gradient_ramp	3	start_color	-1	fx_cor_inicial
aurea.generate.gradient_ramp	4	end_color	-1	fx_cor_final
aurea.generate.gradient_ramp	5	scatter	-1	fx_dispersao
aurea.generate.gradient_ramp	6	blend_original	-1	fx_mistura_original
aurea.generate.gradient_ramp	7	blend	-1	fx_mistura_camada
aurea.generate.gradient_ramp	7	blend	0	fxo_normal
aurea.generate.gradient_ramp	7	blend	1	fxo_multiply
aurea.generate.gradient_ramp	7	blend	2	fxo_screen
aurea.generate.gradient_ramp	7	blend	3	fxo_overlay
aurea.generate.gradient_ramp	7	blend	4	fxo_add
aurea.generate.gradient_ramp	8	fill_box	-1	fx_preencher_caixa
aurea.generate.four_color_gradient	0	point_1	-1	fx_ponto_1
aurea.generate.four_color_gradient	1	point_2	-1	fx_ponto_2
aurea.generate.four_color_gradient	2	point_3	-1	fx_ponto_3
aurea.generate.four_color_gradient	3	point_4	-1	fx_ponto_4
aurea.generate.four_color_gradient	4	color_1	-1	fx_cor_1
aurea.generate.four_color_gradient	5	color_2	-1	fx_cor_2
aurea.generate.four_color_gradient	6	color_3	-1	fx_cor_3
aurea.generate.four_color_gradient	7	color_4	-1	fx_cor_4
aurea.generate.four_color_gradient	8	softness	-1	fx_suavidade
aurea.generate.four_color_gradient	9	jitter	-1	fx_ruido
aurea.generate.four_color_gradient	10	opacity	-1	fx_opacidade
aurea.generate.four_color_gradient	11	blend	-1	fx_mistura_camada
aurea.generate.four_color_gradient	11	blend	0	fxo_normal
aurea.generate.four_color_gradient	11	blend	1	fxo_multiply
aurea.generate.four_color_gradient	11	blend	2	fxo_screen
aurea.generate.four_color_gradient	11	blend	3	fxo_overlay
aurea.generate.four_color_gradient	11	blend	4	fxo_add
aurea.generate.four_color_gradient	12	fill_box	-1	fx_preencher_caixa
aurea.generate.audio_spectrum	0	source	-1	fx_fonte_som
aurea.generate.audio_spectrum	0	source	0	fxo_automatic
aurea.generate.audio_spectrum	0	source	1	fxo_this_layer
aurea.generate.audio_spectrum	0	source	2	fxo_first_with_audio
aurea.generate.audio_spectrum	1	bands	-1	fx_bandas
aurea.generate.audio_spectrum	2	start	-1	fx_ponto_inicial
aurea.generate.audio_spectrum	3	end	-1	fx_ponto_final
aurea.generate.audio_spectrum	4	height	-1	fx_altura_maxima
aurea.generate.audio_spectrum	5	thickness	-1	fx_espessura
aurea.generate.audio_spectrum	6	softness	-1	fx_suavidade
aurea.generate.audio_spectrum	7	inside_color	-1	fx_cor_dentro
aurea.generate.audio_spectrum	8	outside_color	-1	fx_cor_fora
aurea.generate.audio_spectrum	9	hue_interp	-1	fx_giro_matiz
aurea.generate.audio_spectrum	10	display	-1	fx_exibicao
aurea.generate.audio_spectrum	10	display	0	fxo_bars
aurea.generate.audio_spectrum	10	display	1	fxo_lines
aurea.generate.audio_spectrum	10	display	2	fxo_dots
aurea.generate.audio_spectrum	11	side	-1	fx_lado
aurea.generate.audio_spectrum	11	side	0	fxo_side_a
aurea.generate.audio_spectrum	11	side	1	fxo_side_b
aurea.generate.audio_spectrum	11	side	2	fxo_both_sides
aurea.generate.audio_spectrum	12	polar	-1	fx_em_circulo
aurea.generate.audio_spectrum	13	composite	-1	fx_compor_original
aurea.generate.audio_spectrum	14	gain	-1	fx_sensibilidade
aurea.stylize.stroke_outline	0	width	-1	fx_largura
aurea.stylize.stroke_outline	1	color	-1	fx_cor
aurea.stylize.stroke_outline	2	softness	-1	fx_suavidade
aurea.stylize.stroke_outline	3	position	-1	fx_posicao
aurea.stylize.stroke_outline	3	position	0	fxo_outside
aurea.stylize.stroke_outline	3	position	1	fxl_center
aurea.stylize.stroke_outline	3	position	2	fxo_inside
aurea.stylize.stroke_outline	4	opacity	-1	fx_opacidade
aurea.key.matte_refine	0	choke	-1	fx_encolher
aurea.key.matte_refine	1	feather	-1	fx_suavizar_borda
aurea.key.matte_refine	2	show_matte	-1	fx_mostrar_mascara
aurea.stylize.vhs	0	intensity	-1	fxl_amount
aurea.stylize.vhs	1	chroma_bleed	-1	fxl_color_bleed
aurea.stylize.vhs	2	soften	-1	fx_suavizacao
aurea.stylize.vhs	3	noise	-1	fx_ruido
aurea.stylize.vhs	4	scanlines	-1	fxl_scanlines
aurea.stylize.vhs	5	tracking	-1	fxl_tracking
aurea.stylize.vhs	6	jitter	-1	fx_name_shake
aurea.stylize.vhs	7	tone	-1	afx_name_tone
aurea.stylize.vhs	8	saturation	-1	fx_saturacao
aurea.stylize.vhs	9	vignette	-1	fx_vinheta
aurea.stylize.vhs	10	overlay	-1	fxl_overlay
aurea.stylize.vhs	10	overlay	0	fxo_none
aurea.stylize.vhs	10	overlay	1	fxo_play
aurea.stylize.vhs	10	overlay	2	fxo_rec
aurea.stylize.vhs	10	overlay	3	fxo_pause
aurea.stylize.vhs	11	show_time	-1	fxl_show_time
aurea.stylize.vhs	12	label	-1	fxl_label
aurea.stylize.vhs	12	label	0	fxo_sp
aurea.stylize.vhs	12	label	1	fxo_lp
aurea.stylize.vhs	12	label	2	fxo_ep
aurea.stylize.vhs	13	osd_color	-1	fxl_osd_color
aurea.stylize.vhs	14	osd_size	-1	fxl_osd_size
aurea.stylize.vhs	15	seed	-1	fxl_seed
aurea.ai.depth_map	0	mix	-1	fx_mistura
aurea.ai.depth_map	1	invert	-1	fx_inverter
aurea.ai.depth_map	2	smoothing	-1	fx_suavizacao
aurea.audio.backwards	0	swap_channels	-1	afx_p_swap_channels
aurea.audio.delay	0	delay_time	-1	afx_p_delay_time
aurea.audio.delay	1	delay_amount	-1	afx_p_delay_amount
aurea.audio.delay	2	feedback	-1	afx_p_feedback
aurea.audio.delay	3	dry_out	-1	afx_p_dry_out
aurea.audio.delay	4	wet_out	-1	afx_p_wet_out
aurea.audio.flange_chorus	0	voice_separation	-1	afx_p_voice_separation
aurea.audio.flange_chorus	1	voices	-1	afx_p_voices
aurea.audio.flange_chorus	2	rate	-1	afx_p_mod_rate
aurea.audio.flange_chorus	3	depth	-1	afx_p_mod_depth
aurea.audio.flange_chorus	4	voice_phase	-1	afx_p_voice_phase
aurea.audio.flange_chorus	5	invert_phase	-1	afx_p_invert_phase
aurea.audio.flange_chorus	6	stereo_voices	-1	afx_p_stereo_voices
aurea.audio.flange_chorus	7	dry_out	-1	afx_p_dry_out
aurea.audio.flange_chorus	8	wet_out	-1	afx_p_wet_out
aurea.audio.high_low_pass	0	filter	-1	afx_p_filter_options
aurea.audio.high_low_pass	0	filter	0	fxo_high_pass
aurea.audio.high_low_pass	0	filter	1	fxo_low_pass
aurea.audio.high_low_pass	1	cutoff	-1	afx_p_cutoff
aurea.audio.high_low_pass	2	dry_out	-1	afx_p_dry_out
aurea.audio.high_low_pass	3	wet_out	-1	afx_p_wet_out
aurea.audio.stereo_mixer	0	left_level	-1	afx_p_left_level
aurea.audio.stereo_mixer	1	right_level	-1	afx_p_right_level
aurea.audio.stereo_mixer	2	left_pan	-1	afx_p_left_pan
aurea.audio.stereo_mixer	3	right_pan	-1	afx_p_right_pan
aurea.audio.stereo_mixer	4	invert_phase	-1	afx_p_invert_phase
aurea.audio.modulator	0	type	-1	afx_p_mod_type
aurea.audio.modulator	0	type	0	fxo_sine
aurea.audio.modulator	0	type	1	fxo_triangle
aurea.audio.modulator	1	rate	-1	afx_p_mod_rate
aurea.audio.modulator	2	depth	-1	afx_p_mod_depth
aurea.audio.modulator	3	amplitude	-1	afx_p_amp_mod
aurea.audio.parametric_eq	0	band1_enable	-1	afx_p_band1_enable
aurea.audio.parametric_eq	1	band1_frequency	-1	afx_p_band1_freq
aurea.audio.parametric_eq	2	band1_bandwidth	-1	afx_p_band1_width
aurea.audio.parametric_eq	3	band1_gain	-1	afx_p_band1_gain
aurea.audio.parametric_eq	4	band2_enable	-1	afx_p_band2_enable
aurea.audio.parametric_eq	5	band2_frequency	-1	afx_p_band2_freq
aurea.audio.parametric_eq	6	band2_bandwidth	-1	afx_p_band2_width
aurea.audio.parametric_eq	7	band2_gain	-1	afx_p_band2_gain
aurea.audio.parametric_eq	8	band3_enable	-1	afx_p_band3_enable
aurea.audio.parametric_eq	9	band3_frequency	-1	afx_p_band3_freq
aurea.audio.parametric_eq	10	band3_bandwidth	-1	afx_p_band3_width
aurea.audio.parametric_eq	11	band3_gain	-1	afx_p_band3_gain
aurea.audio.room_reverb	0	reverb_time	-1	afx_p_reverb_time
aurea.audio.room_reverb	1	diffusion	-1	afx_p_diffusion
aurea.audio.room_reverb	2	decay	-1	afx_p_decay
aurea.audio.room_reverb	3	brightness	-1	afx_p_brightness
aurea.audio.room_reverb	4	dry_out	-1	afx_p_dry_out
aurea.audio.room_reverb	5	wet_out	-1	afx_p_wet_out
aurea.audio.tone	0	waveform	-1	afx_p_waveform
aurea.audio.tone	0	waveform	0	fxo_sine
aurea.audio.tone	0	waveform	1	fxo_triangle
aurea.audio.tone	0	waveform	2	fxo_sawtooth
aurea.audio.tone	0	waveform	3	fxo_square_2
aurea.audio.tone	1	frequency1	-1	afx_p_freq1
aurea.audio.tone	2	frequency2	-1	afx_p_freq2
aurea.audio.tone	3	frequency3	-1	afx_p_freq3
aurea.audio.tone	4	frequency4	-1	afx_p_freq4
aurea.audio.tone	5	frequency5	-1	afx_p_freq5
aurea.audio.tone	6	level	-1	afx_p_level
aurea.generate.audio_waveform	0	audio_layer	-1	afx_p_audio_layer
aurea.generate.audio_waveform	1	start	-1	fx_ponto_inicial
aurea.generate.audio_waveform	2	end	-1	fx_ponto_final
aurea.generate.audio_waveform	3	samples	-1	afx_p_displayed_samples
aurea.generate.audio_waveform	4	height	-1	fx_altura_maxima
aurea.generate.audio_waveform	5	duration	-1	afx_p_audio_duration
aurea.generate.audio_waveform	6	offset	-1	afx_p_audio_offset
aurea.generate.audio_waveform	7	thickness	-1	fx_espessura
aurea.generate.audio_waveform	8	softness	-1	fx_suavidade
aurea.generate.audio_waveform	9	seed	-1	afx_p_random_seed
aurea.generate.audio_waveform	10	inside_color	-1	afx_p_inside_color
aurea.generate.audio_waveform	11	outside_color	-1	afx_p_outside_color
aurea.generate.audio_waveform	12	channel	-1	afx_p_waveform_options
aurea.generate.audio_waveform	12	channel	0	fxo_mono
aurea.generate.audio_waveform	12	channel	1	fxo_left
aurea.generate.audio_waveform	12	channel	2	fxo_right
aurea.generate.audio_waveform	13	display	-1	afx_p_display_options
aurea.generate.audio_waveform	13	display	0	fxo_digital
aurea.generate.audio_waveform	13	display	1	fxo_analog_lines
aurea.generate.audio_waveform	13	display	2	fxo_analog_dots
aurea.generate.audio_waveform	14	composite	-1	fx_compor_original
aurea.generate.spectrum_analyzer	0	audio_layer	-1	afx_p_audio_layer
aurea.generate.spectrum_analyzer	1	start	-1	fx_ponto_inicial
aurea.generate.spectrum_analyzer	2	end	-1	fx_ponto_final
aurea.generate.spectrum_analyzer	3	polar	-1	afx_p_polar
aurea.generate.spectrum_analyzer	4	start_frequency	-1	afx_p_start_freq
aurea.generate.spectrum_analyzer	5	end_frequency	-1	afx_p_end_freq
aurea.generate.spectrum_analyzer	6	bands	-1	afx_p_freq_bands
aurea.generate.spectrum_analyzer	7	height	-1	fx_altura_maxima
aurea.generate.spectrum_analyzer	8	duration	-1	afx_p_audio_duration
aurea.generate.spectrum_analyzer	9	offset	-1	afx_p_audio_offset
aurea.generate.spectrum_analyzer	10	thickness	-1	fx_espessura
aurea.generate.spectrum_analyzer	11	softness	-1	fx_suavidade
aurea.generate.spectrum_analyzer	12	inside_color	-1	afx_p_inside_color
aurea.generate.spectrum_analyzer	13	outside_color	-1	afx_p_outside_color
aurea.generate.spectrum_analyzer	14	blend_overlap	-1	afx_p_blend_overlap
aurea.generate.spectrum_analyzer	15	hue_interpolation	-1	afx_p_hue_interp
aurea.generate.spectrum_analyzer	16	dynamic_hue	-1	afx_p_dynamic_hue
aurea.generate.spectrum_analyzer	17	color_symmetry	-1	afx_p_color_symmetry
aurea.generate.spectrum_analyzer	18	display	-1	afx_p_display_options
aurea.generate.spectrum_analyzer	18	display	0	fxo_digital
aurea.generate.spectrum_analyzer	18	display	1	fxo_analog_lines
aurea.generate.spectrum_analyzer	18	display	2	fxo_analog_dots
aurea.generate.spectrum_analyzer	19	side	-1	afx_p_side_options
aurea.generate.spectrum_analyzer	19	side	0	fxo_side_a
aurea.generate.spectrum_analyzer	19	side	1	fxo_side_b
aurea.generate.spectrum_analyzer	19	side	2	fxo_sides_a_and_b
aurea.generate.spectrum_analyzer	20	duration_averaging	-1	afx_p_duration_averaging
aurea.generate.spectrum_analyzer	21	composite	-1	fx_compor_original
aurea.stylize.ball_grid	0	scatter	-1	afx_p_scatter
aurea.stylize.ball_grid	1	rotation_axis	-1	afx_p_rotation_axis
aurea.stylize.ball_grid	1	rotation_axis	0	fxo_x
aurea.stylize.ball_grid	1	rotation_axis	1	fxo_y
aurea.stylize.ball_grid	1	rotation_axis	2	fxo_z
aurea.stylize.ball_grid	1	rotation_axis	3	fxo_xy
aurea.stylize.ball_grid	1	rotation_axis	4	fxo_xz
aurea.stylize.ball_grid	1	rotation_axis	5	fxo_yz
aurea.stylize.ball_grid	1	rotation_axis	6	fxo_xyz
aurea.stylize.ball_grid	2	rotation	-1	afx_p_rotation
aurea.stylize.ball_grid	3	twist_property	-1	afx_p_twist_property
aurea.stylize.ball_grid	3	twist_property	0	fxo_x_axis
aurea.stylize.ball_grid	3	twist_property	1	fxo_y_axis
aurea.stylize.ball_grid	3	twist_property	2	fxl_center_x
aurea.stylize.ball_grid	3	twist_property	3	fxl_center_y
aurea.stylize.ball_grid	3	twist_property	4	fxo_radial
aurea.stylize.ball_grid	3	twist_property	5	fxo_corner
aurea.stylize.ball_grid	3	twist_property	6	fx_vermelho_c031
aurea.stylize.ball_grid	3	twist_property	7	fx_verde_14e6
aurea.stylize.ball_grid	3	twist_property	8	fx_azul_582d
aurea.stylize.ball_grid	3	twist_property	9	fx_brilho
aurea.stylize.ball_grid	3	twist_property	10	fxo_alpha_2
aurea.stylize.ball_grid	4	twist_angle	-1	afx_p_twist_angle
aurea.stylize.ball_grid	5	grid_spacing	-1	afx_p_grid_spacing
aurea.stylize.ball_grid	6	ball_size	-1	afx_p_ball_size
aurea.stylize.ball_grid	7	instability_state	-1	afx_p_instability_state
aurea.stylize.ball_grid	8	instability	-1	afx_p_instability
aurea.motion.twitch	0	frequency	-1	fx_frequencia
aurea.motion.twitch	1	strength	-1	fx_intensidade
aurea.motion.twitch	2	rotation	-1	fx_rotacao
aurea.motion.twitch	3	scale	-1	fx_escala
aurea.motion.twitch	4	soften	-1	fx_suavizar
aurea.motion.twitch	5	decay	-1	fx_decaimento
aurea.motion.twitch	6	seed	-1	fx_semente
aurea.generate.particular	0	rate	-1	fxl_particles_sec
aurea.generate.particular	1	pre_roll	-1	fxl_pre_roll
aurea.generate.particular	2	position_x	-1	fx_posicao_x
aurea.generate.particular	3	position_y	-1	fx_posicao_y
aurea.generate.particular	4	position_z	-1	fxl_position_z
aurea.generate.particular	5	emitter_size_x	-1	fxl_emitter_size_x
aurea.generate.particular	6	emitter_size_y	-1	fxl_emitter_size_y
aurea.generate.particular	7	emitter_size_z	-1	fxl_emitter_size_z
aurea.generate.particular	8	emitter_sphere	-1	fxl_sphere_emitter
aurea.generate.particular	9	velocity	-1	fxl_speed
aurea.generate.particular	10	velocity_random	-1	fxl_velocity_random
aurea.generate.particular	11	direction_tilt	-1	fxl_direction_tilt
aurea.generate.particular	12	direction_spin	-1	fxl_direction_spin
aurea.generate.particular	13	spread	-1	fxl_spread_2
aurea.generate.particular	14	outwards	-1	fxl_outwards
aurea.generate.particular	15	gravity	-1	fxl_gravity
aurea.generate.particular	16	wind_x	-1	fxl_wind_x
aurea.generate.particular	17	wind_y	-1	fxl_wind_y
aurea.generate.particular	18	wind_z	-1	fxl_wind_z
aurea.generate.particular	19	air_drag	-1	fxl_air_drag
aurea.generate.particular	20	turbulence	-1	fx_name_turbulence
aurea.generate.particular	21	turbulence_speed	-1	fxl_turbulence_speed
aurea.generate.particular	22	life	-1	fxl_life
aurea.generate.particular	23	life_random	-1	fxl_life_random
aurea.generate.particular	24	size	-1	fx_tamanho
aurea.generate.particular	25	size_random	-1	fxl_size_random
aurea.generate.particular	26	size_end	-1	fxl_end_size
aurea.generate.particular	27	opacity	-1	fxl_opacity
aurea.generate.particular	28	fade_in	-1	fxl_fade_in
aurea.generate.particular	29	fade_out	-1	fxl_fade_out
aurea.generate.particular	30	feather	-1	fx_suavidade_borda
aurea.generate.particular	31	stretch	-1	fxl_motion_stretch
aurea.generate.particular	32	color	-1	fxl_particle_color
aurea.generate.particular	33	color_end	-1	fx_cor_final
aurea.generate.particular	34	color_random	-1	fxl_color_random
aurea.generate.particular	35	add_mode	-1	fxl_add_mode
aurea.generate.particular	36	show_source	-1	fxl_show_layer
aurea.generate.particular	37	seed	-1	fxl_seed
aurea.generate.particular	38	motion_blur	-1	fxl_motion_blur_2
aurea.generate.particular	39	shutter_angle	-1	fxl_shutter_angle
